{
  "per_label": {
    "No_Finding": {
      "threshold": 0.44075509905815125,
      "auc": 0.8862931644114156,
      "f1": 0.5153203342618384,
      "precision": 0.4758230452674897,
      "recall": 0.5619684082624544
    },
    "Enlarged_Cardiomediastinum": {
      "threshold": 0.329247385263443,
      "auc": 0.6568704173397832,
      "f1": 0.24435418359057676,
      "precision": 0.17557786598178846,
      "recall": 0.4017094017094017
    },
    "Cardiomegaly": {
      "threshold": 0.4153624176979065,
      "auc": 0.8456999104162808,
      "f1": 0.5609514370664024,
      "precision": 0.50355871886121,
      "recall": 0.6331096196868009
    },
    "Lung_Opacity": {
      "threshold": 0.4358365535736084,
      "auc": 0.7399024605618021,
      "f1": 0.7319824524754543,
      "precision": 0.6135313069057291,
      "recall": 0.9071140105622865
    },
    "Lung_Lesion": {
      "threshold": 0.3784652054309845,
      "auc": 0.8131697178400908,
      "f1": 0.3064633260711692,
      "precision": 0.3075801749271137,
      "recall": 0.3053545586107091
    },
    "Edema": {
      "threshold": 0.43676725029945374,
      "auc": 0.8472035070522247,
      "f1": 0.6829577464788732,
      "precision": 0.6001980443124149,
      "recall": 0.7921908184937102
    },
    "Consolidation": {
      "threshold": 0.35720768570899963,
      "auc": 0.6926096308748947,
      "f1": 0.41604392252554523,
      "precision": 0.2912973838761345,
      "recall": 0.7276607095225394
    },
    "Pneumonia": {
      "threshold": 0.3683492839336395,
      "auc": 0.7627201471559197,
      "f1": 0.36298649722001586,
      "precision": 0.29888816219751474,
      "recall": 0.4620829120323559
    },
    "Atelectasis": {
      "threshold": 0.40395328402519226,
      "auc": 0.7141709247296549,
      "f1": 0.5583138173302108,
      "precision": 0.4285457486967464,
      "recall": 0.8008061807188445
    },
    "Pneumothorax": {
      "threshold": 0.3859046399593353,
      "auc": 0.865002800857306,
      "f1": 0.5030191651352061,
      "precision": 0.44808231992516373,
      "recall": 0.5733093955715141
    },
    "Effusion": {
      "threshold": 0.4640030860900879,
      "auc": 0.8744754830664355,
      "f1": 0.7829165495925822,
      "precision": 0.7571739130434783,
      "recall": 0.8104712041884817
    },
    "Pleural_Other": {
      "threshold": 0.27600905299186707,
      "auc": 0.808089087669858,
      "f1": 0.18688524590163935,
      "precision": 0.15616438356164383,
      "recall": 0.23265306122448978
    },
    "Fracture": {
      "threshold": 0.3110681474208832,
      "auc": 0.7985169397792367,
      "f1": 0.27763041556145,
      "precision": 0.21144781144781144,
      "recall": 0.4041184041184041
    }
  },
  "avg_auc": 0.7926710916734542,
  "avg_f1": 0.4715250071700742
}